City_ID,City,Country,Date,Lat,Lng,Max Temp,Humidity,Cloudiness,Wind Speed
0,Hermanus,ZA,2020-05-26 13:37:35,-34.42,19.23,57.0,61,94,7.0
1,Lokomotivnyy,RU,2020-05-26 13:37:35,53.01,60.57,67.75,47,0,13.09
2,Ancud,CL,2020-05-26 13:37:35,-41.87,-73.82,55.99,100,75,4.7
3,Ozinki,RU,2020-05-26 13:37:35,51.18,49.68,76.42,62,53,17.38
4,Saint George,US,2020-05-26 13:36:26,37.1,-113.58,62.01,21,1,6.93
5,Cherskiy,RU,2020-05-26 13:37:35,68.75,161.3,39.7,66,0,5.12
6,Georgetown,MY,2020-05-26 13:37:36,5.41,100.34,84.0,88,40,2.24
7,Kapaa,US,2020-05-26 13:37:36,22.08,-159.32,69.8,94,1,5.82
8,Klaksvik,FO,2020-05-26 13:37:36,62.23,-6.59,48.2,81,0,8.05
9,Srednekolymsk,RU,2020-05-26 13:37:36,67.45,153.68,47.12,51,0,8.12
10,Castro,BR,2020-05-26 13:34:09,-24.79,-50.01,54.46,63,0,7.31
11,Grand Forks,US,2020-05-26 13:33:08,47.93,-97.03,57.2,76,90,3.36
12,Labuhan,ID,2020-05-26 13:37:36,-6.88,112.21,82.85,80,100,5.68
13,Saskylakh,RU,2020-05-26 13:37:36,71.92,114.08,31.41,94,100,17.52
14,Vaini,TO,2020-05-26 13:37:36,-21.2,-175.2,73.4,78,75,5.82
15,Coquimbo,CL,2020-05-26 13:37:36,-29.95,-71.34,57.2,82,90,3.36
16,Awash,ET,2020-05-26 13:37:37,8.98,40.17,95.07,23,53,12.46
17,Portales,US,2020-05-26 13:33:03,34.19,-103.33,57.2,71,40,9.17
18,Tiksi,RU,2020-05-26 13:37:37,71.69,128.87,32.83,97,100,14.29
19,Kaitangata,NZ,2020-05-26 13:37:37,-46.28,169.85,45.59,87,87,6.4
20,Ust-Nera,RU,2020-05-26 13:37:37,64.57,143.2,41.0,73,0,3.91
21,Jadu,LY,2020-05-26 13:37:37,31.95,12.03,84.54,15,0,16.78
22,Ribeira Grande,PT,2020-05-26 13:37:37,38.52,-28.7,69.8,83,20,5.82
23,Kamaishi,JP,2020-05-26 13:37:38,39.27,141.88,59.88,74,100,6.71
24,Hilo,US,2020-05-26 13:36:25,19.73,-155.09,71.6,83,90,3.69
25,Harboore,DK,2020-05-26 13:37:38,56.62,8.18,64.0,75,100,1.01
26,Cayenne,GF,2020-05-26 13:37:38,4.93,-52.33,78.8,100,4,2.24
27,Roma,US,2020-05-26 13:37:38,43.21,-75.46,75.99,73,1,5.82
28,Hobart,AU,2020-05-26 13:37:38,-42.88,147.33,44.6,81,20,11.41
29,Coos Bay,US,2020-05-26 13:33:03,43.37,-124.22,55.99,100,90,3.36
30,Yulara,AU,2020-05-26 13:37:38,-25.24,130.99,60.8,72,90,5.82
31,Bredasdorp,ZA,2020-05-26 13:37:38,-34.53,20.04,55.4,47,40,17.22
32,Khasan,RU,2020-05-26 13:37:38,42.43,130.64,55.04,67,43,7.58
33,Torbay,CA,2020-05-26 13:32:41,47.67,-52.73,59.0,62,75,31.09
34,Bluff,NZ,2020-05-26 13:37:39,-46.6,168.33,48.61,89,28,4.12
35,Port Elizabeth,ZA,2020-05-26 13:37:39,-33.92,25.57,48.2,87,75,25.28
36,Chitipa,MW,2020-05-26 13:37:39,-9.7,33.27,79.88,43,10,4.23
37,Busselton,AU,2020-05-26 13:37:39,-33.65,115.33,55.99,70,62,10.29
38,Half Moon Bay,US,2020-05-26 13:37:39,37.46,-122.43,62.6,72,1,3.36
39,Ushuaia,AR,2020-05-26 13:37:39,-54.8,-68.3,46.4,81,90,8.05
40,Rikitea,PF,2020-05-26 13:37:40,-23.12,-134.97,74.93,78,100,16.62
41,Jamestown,US,2020-05-26 13:36:32,42.1,-79.24,78.01,78,1,8.05
42,Longyearbyen,SJ,2020-05-26 13:37:40,78.22,15.64,44.6,75,75,1.12
43,Mataura,NZ,2020-05-26 13:37:40,-46.19,168.86,41.14,94,11,1.16
44,Severo-Kurilsk,RU,2020-05-26 13:37:40,50.68,156.12,39.67,89,78,8.95
45,Sapulpa,US,2020-05-26 13:37:40,36.0,-96.11,66.2,88,90,6.93
46,Grindavik,IS,2020-05-26 13:37:40,63.84,-22.43,44.6,75,75,18.34
47,Sidi Ali,DZ,2020-05-26 13:37:41,36.1,0.42,76.66,52,0,15.88
48,Cape Town,ZA,2020-05-26 13:32:52,-33.93,18.42,59.0,76,40,4.7
49,Mandla,IN,2020-05-26 13:37:41,22.6,80.38,97.0,13,0,7.31
50,Namibe,AO,2020-05-26 13:37:41,-15.2,12.15,75.2,73,20,17.22
51,Belmonte,BR,2020-05-26 13:37:41,-15.86,-38.88,78.8,78,75,6.93
52,Bethel,US,2020-05-26 13:36:02,41.37,-73.41,63.0,93,90,3.36
53,Port-Gentil,GA,2020-05-26 13:37:41,-0.72,8.78,80.6,94,90,5.82
54,Kostomuksha,RU,2020-05-26 13:37:41,64.57,30.58,64.9,28,99,2.17
55,Puerto Baquerizo Moreno,EC,2020-05-26 13:37:42,-0.9,-89.6,73.4,89,70,9.48
56,Norton Shores,US,2020-05-26 13:37:42,43.17,-86.26,80.01,69,20,4.7
57,Pevek,RU,2020-05-26 13:37:42,69.7,170.31,29.75,97,100,4.97
58,Aklavik,CA,2020-05-26 13:37:42,68.22,-135.01,33.8,90,90,13.87
59,Albany,US,2020-05-26 13:35:18,42.6,-73.97,69.01,72,54,3.36
60,Malanje,AO,2020-05-26 13:37:42,-9.54,16.34,87.87,31,0,1.61
61,Airai,TL,2020-05-26 13:37:42,-8.93,125.41,61.68,100,74,1.52
62,Butaritari,KI,2020-05-26 13:37:42,3.07,172.79,82.78,67,34,3.22
63,Mingguang,CN,2020-05-26 13:37:43,32.78,117.96,74.16,62,97,6.93
64,Copperas Cove,US,2020-05-26 13:34:39,31.12,-97.9,68.0,88,20,8.05
65,Puerto Ayora,EC,2020-05-26 13:37:43,-0.74,-90.35,73.99,93,91,1.01
66,Punta Arenas,CL,2020-05-26 13:37:43,-53.15,-70.92,44.6,75,40,18.34
67,Cordoba,AR,2020-05-26 13:33:08,-31.41,-64.18,57.99,47,0,6.93
68,Yellowknife,CA,2020-05-26 13:37:43,62.46,-114.35,33.8,74,20,10.29
69,Sitka,US,2020-05-26 13:37:43,57.05,-135.33,44.6,93,90,4.7
70,Barrow,US,2020-05-26 13:35:02,71.29,-156.79,30.2,92,90,3.36
71,Agadez,NE,2020-05-26 13:37:43,19.75,10.25,105.12,9,72,5.84
72,Cabedelo,BR,2020-05-26 13:37:44,-6.98,-34.83,84.2,79,75,5.5
73,Ponta Do Sol,PT,2020-05-26 13:33:49,32.67,-17.1,77.0,73,20,14.99
74,Lompoc,US,2020-05-26 13:37:44,34.64,-120.46,53.6,87,1,3.36
75,Khatanga,RU,2020-05-26 13:37:44,71.97,102.5,33.22,88,100,16.4
76,Zeya,RU,2020-05-26 13:37:44,53.75,127.27,54.75,46,0,3.49
77,Fort Nelson,CA,2020-05-26 13:37:44,58.81,-122.7,46.4,93,75,4.7
78,Comodoro Rivadavia,AR,2020-05-26 13:35:46,-45.87,-67.5,57.2,50,53,11.41
79,Kruisfontein,ZA,2020-05-26 13:37:44,-34.0,24.73,48.31,76,65,22.37
80,Upernavik,GL,2020-05-26 13:37:44,72.79,-56.15,29.86,94,88,2.68
81,Huarmey,PE,2020-05-26 13:37:45,-10.07,-78.15,69.12,78,24,5.75
82,Sistranda,NO,2020-05-26 13:37:45,63.73,8.83,55.4,71,75,10.29
83,Lagoa,PT,2020-05-26 13:37:45,39.05,-27.98,64.24,92,7,8.59
84,New Norfolk,AU,2020-05-26 13:37:45,-42.78,147.06,39.99,89,0,3.58
85,Tuktoyaktuk,CA,2020-05-26 13:37:45,69.45,-133.04,26.6,100,90,13.87
86,Araouane,ML,2020-05-26 13:37:45,18.9,-3.53,103.05,9,23,8.39
87,Wahpeton,US,2020-05-26 13:37:45,46.27,-96.61,59.0,93,100,10.29
88,Pochutla,MX,2020-05-26 13:37:45,15.74,-96.47,75.2,73,40,5.23
89,Qaanaaq,GL,2020-05-26 13:37:46,77.48,-69.36,30.92,94,95,5.53
90,Coahuayana,MX,2020-05-26 13:37:46,18.73,-103.68,62.6,63,5,1.79
91,Dudinka,RU,2020-05-26 13:37:46,69.41,86.18,35.6,80,75,31.32
92,Avarua,CK,2020-05-26 13:37:46,-21.21,-159.78,66.2,93,0,1.12
93,Foumban,CM,2020-05-26 13:37:46,5.73,10.9,76.03,81,55,4.18
94,George,ZA,2020-05-26 13:37:46,-33.96,22.46,48.2,87,75,10.29
95,Dikson,RU,2020-05-26 13:37:46,73.51,80.55,30.29,96,99,10.54
96,Garrel,DE,2020-05-26 13:37:47,52.95,8.02,70.0,49,30,1.01
97,Tamara,HN,2020-05-26 13:37:47,14.15,-87.33,75.2,100,20,4.7
98,Coihaique,CL,2020-05-26 13:34:00,-45.58,-72.07,50.0,66,40,10.29
99,Lodja,CD,2020-05-26 13:37:47,-3.48,23.43,93.43,36,65,0.43
100,Roquetas De Mar,ES,2020-05-26 13:37:47,36.76,-2.61,84.2,39,0,25.28
101,Leh,IN,2020-05-26 13:34:48,34.17,77.58,52.75,34,52,6.42
102,Katsuura,JP,2020-05-26 13:37:47,35.13,140.3,69.01,92,100,1.01
103,Sisimiut,GL,2020-05-26 13:37:47,66.94,-53.67,36.88,78,100,5.41
104,Tailai,CN,2020-05-26 13:37:47,46.38,123.4,53.01,94,60,3.0
105,Mehamn,NO,2020-05-26 13:37:47,71.04,27.85,50.0,53,0,17.22
106,Fenoarivo,MG,2020-05-26 13:37:48,-18.93,47.44,77.0,38,20,2.24
107,Rocha,UY,2020-05-26 13:37:48,-34.48,-54.33,55.08,69,80,15.37
108,Biograd Na Moru,HR,2020-05-26 13:37:48,43.94,15.45,70.0,37,40,16.11
109,Romodanovo,RU,2020-05-26 13:37:48,54.43,45.33,61.52,74,100,12.68
110,East London,ZA,2020-05-26 13:37:48,-33.02,27.91,59.0,44,94,26.4
111,Souillac,MU,2020-05-26 13:37:48,-20.52,57.52,77.0,73,40,13.87
112,Uige,AO,2020-05-26 13:37:48,-7.61,15.06,84.2,54,20,9.17
113,Cabo San Lucas,MX,2020-05-26 13:37:48,22.89,-109.91,71.6,43,75,4.7
114,Bria,CF,2020-05-26 13:37:49,6.54,21.99,82.96,70,100,3.13
115,La Ronge,CA,2020-05-26 13:37:49,55.1,-105.28,55.4,62,90,1.77
116,Arroyo,ES,2020-05-26 13:37:49,41.61,-4.8,77.0,50,0,12.75
117,Bara,NG,2020-05-26 13:37:49,10.37,10.73,96.64,36,25,6.08
118,Mecca,SA,2020-05-26 13:37:49,21.43,39.83,96.76,25,17,3.24
119,Beian,NO,2020-05-26 13:37:49,63.66,9.57,55.4,71,75,10.29
120,Port Alfred,ZA,2020-05-26 13:37:49,-33.59,26.89,50.0,84,33,13.0
121,Port Hardy,CA,2020-05-26 13:37:49,50.7,-127.42,46.4,87,75,4.7
122,Umm Kaddadah,SD,2020-05-26 13:37:49,13.6,26.69,98.08,9,5,8.93
123,Esperance,AU,2020-05-26 13:37:50,-33.87,121.9,51.8,100,90,2.24
124,Hasaki,JP,2020-05-26 13:37:50,35.73,140.83,66.2,100,75,2.24
125,Wiarton,CA,2020-05-26 13:37:50,44.74,-81.13,80.01,73,20,3.36
126,Hit,IQ,2020-05-26 13:37:50,33.64,42.83,92.77,12,0,11.83
127,Rio Gallegos,AR,2020-05-26 13:37:50,-51.62,-69.22,42.8,81,2,11.41
128,Tuli,PH,2020-05-26 13:37:50,7.23,125.42,84.2,79,75,6.93
129,Isangel,VU,2020-05-26 13:37:50,-19.55,169.27,77.0,88,20,11.27
130,Provideniya,RU,2020-05-26 13:37:50,64.38,-173.3,35.4,91,44,7.78
131,Vardo,NO,2020-05-26 13:33:09,70.37,31.11,60.8,41,17,10.29
132,Termoli,IT,2020-05-26 13:37:51,41.99,14.99,64.99,54,0,7.0
133,Enid,US,2020-05-26 13:37:51,36.4,-97.88,60.8,100,75,14.99
134,Mahebourg,MU,2020-05-26 13:37:51,-20.41,57.7,77.0,73,40,13.87
135,Cockburn Town,TC,2020-05-26 13:35:47,21.46,-71.14,84.2,74,40,11.41
136,Mosquera,CO,2020-05-26 13:35:17,4.71,-74.23,59.0,77,75,9.17
137,Saint-Pierre,RE,2020-05-26 13:37:51,-21.34,55.48,78.8,61,28,5.82
138,Pouembout,NC,2020-05-26 13:37:51,-21.13,164.9,69.03,74,100,7.18
139,Kumluca,TR,2020-05-26 13:37:51,36.37,30.29,72.52,47,0,6.78
140,Zhanaozen,KZ,2020-05-26 13:37:51,43.3,52.8,81.39,32,0,15.88
141,Atuona,PF,2020-05-26 13:37:52,-9.8,-139.03,80.74,73,58,14.16
142,Gotsu,JP,2020-05-26 13:37:52,35.0,132.22,59.88,74,18,7.87
143,Sinnamary,GF,2020-05-26 13:37:52,5.38,-52.95,83.41,76,67,7.65
144,Kodiak,US,2020-05-26 13:37:52,57.79,-152.41,39.2,86,75,5.37
145,Sao Filipe,CV,2020-05-26 13:37:52,14.9,-24.5,77.18,66,5,11.03
146,San Juan,AR,2020-05-26 13:35:29,-31.54,-68.54,68.36,23,0,3.2
147,Lebu,CL,2020-05-26 13:37:52,-37.62,-73.65,57.22,75,0,8.19
148,Middelburg,ZA,2020-05-26 13:37:52,-25.78,29.46,65.14,27,26,17.67
149,Hithadhoo,MV,2020-05-26 13:35:55,-0.6,73.08,84.24,75,94,7.4
150,Smithers,CA,2020-05-26 13:37:53,54.78,-127.17,35.6,93,20,3.58
151,Ahuimanu,US,2020-05-26 13:37:53,21.44,-157.84,77.0,78,90,4.7
152,Colombo,LK,2020-05-26 13:37:53,6.93,79.85,86.0,89,40,9.17
153,Waipawa,NZ,2020-05-26 13:37:53,-41.41,175.52,50.0,79,82,5.73
154,Chokurdakh,RU,2020-05-26 13:37:53,70.63,147.92,37.4,76,41,10.42
155,Kailua,US,2020-05-26 13:37:53,21.4,-157.74,77.0,78,90,4.7
156,Vieques,PR,2020-05-26 13:37:53,18.43,-65.83,87.8,62,40,8.05
157,Tuatapere,NZ,2020-05-26 13:37:53,-46.13,167.68,44.55,87,1,2.59
158,Arraial Do Cabo,BR,2020-05-26 13:37:53,-22.97,-42.03,75.2,60,20,20.8
159,Peniche,PT,2020-05-26 13:36:28,39.36,-9.38,84.99,50,0,10.0
160,Foki,RU,2020-05-26 13:37:54,56.69,54.35,62.76,56,41,7.34
161,Abatskoye,RU,2020-05-26 13:37:54,56.29,70.46,55.72,70,57,13.76
162,Florida,US,2020-05-26 13:34:14,28.75,-82.5,82.0,83,90,6.93
163,Hearst,CA,2020-05-26 13:37:54,49.68,-83.67,55.26,95,100,10.54
164,Victoria,HK,2020-05-26 13:37:27,22.29,114.16,82.0,83,80,3.0
165,Rapid City,US,2020-05-26 13:37:54,44.08,-103.23,57.99,76,1,4.7
166,Jangaon,IN,2020-05-26 13:37:54,17.72,79.18,99.52,24,95,3.0
167,Alice Springs,AU,2020-05-26 13:36:22,-23.7,133.88,59.0,47,40,4.7
168,Ocampo,MX,2020-05-26 13:37:55,21.65,-101.5,63.97,32,0,6.51
169,Hovd,MN,2020-05-26 13:37:55,48.01,91.64,68.95,25,61,6.2
170,Maniitsoq,GL,2020-05-26 13:37:55,65.42,-52.9,36.95,85,100,18.45
171,Bilibino,RU,2020-05-26 13:37:55,68.05,166.44,29.05,89,0,2.44
172,Harper,LR,2020-05-26 13:37:55,4.38,-7.72,76.05,92,100,4.45
173,Broome,US,2020-05-26 13:37:55,42.25,-75.83,73.0,82,1,5.82
174,Paciran,ID,2020-05-26 13:37:55,-6.88,112.38,82.78,80,100,5.86
175,San Cristobal,VE,2020-05-26 13:37:55,7.77,-72.22,84.2,54,40,18.34
176,Portland,US,2020-05-26 13:37:31,45.52,-122.68,59.0,82,90,4.7
177,Hambantota,LK,2020-05-26 13:37:56,6.12,81.12,89.6,75,90,13.87
178,Wanning,CN,2020-05-26 13:37:56,18.8,110.4,82.71,84,51,4.9
179,Kachiry,KZ,2020-05-26 13:37:56,53.07,76.1,66.27,55,2,19.62
180,Quatre Cocos,MU,2020-05-26 13:37:56,-20.21,57.76,77.0,73,40,13.87
181,Ambulu,ID,2020-05-26 13:37:56,-8.35,113.61,78.91,88,94,2.01
182,Zhigansk,RU,2020-05-26 13:37:56,66.77,123.37,57.56,61,24,12.62
183,Nichinan,JP,2020-05-26 13:37:56,31.6,131.37,69.8,88,75,6.93
184,Norman Wells,CA,2020-05-26 13:37:56,65.28,-126.83,48.2,70,75,8.05
185,Along,IN,2020-05-26 13:37:56,28.17,94.77,64.89,88,100,0.74
186,Brae,GB,2020-05-26 13:37:57,60.4,-1.35,55.4,76,19,27.51
187,Kuryk,KZ,2020-05-26 13:37:57,43.2,51.65,70.56,50,0,16.4
188,Adjumani,UG,2020-05-26 13:37:57,3.38,31.79,82.49,67,54,3.15
189,Xinzhi,CN,2020-05-26 13:37:57,36.5,111.7,70.32,23,76,4.9
190,Altamira,BR,2020-05-26 13:37:57,-3.2,-52.21,80.6,88,40,2.24
191,Manacapuru,BR,2020-05-26 13:37:57,-3.3,-60.62,80.6,78,20,6.93
192,Howell,US,2020-05-26 13:37:57,42.61,-83.93,75.99,78,1,3.85
193,Isabela,PH,2020-05-26 13:37:57,6.71,121.97,82.4,88,20,1.12
194,Bayir,TR,2020-05-26 13:37:57,37.27,28.22,73.4,43,75,17.22
195,Turka,UA,2020-05-26 13:37:58,49.15,23.03,55.0,79,86,11.59
196,Csenger,HU,2020-05-26 13:37:58,47.84,22.68,68.0,49,20,13.87
197,Mayumba,GA,2020-05-26 13:37:58,-3.43,10.66,81.46,77,100,11.86
198,Hofn,IS,2020-05-26 13:37:58,64.25,-15.21,49.05,60,100,28.23
199,La Asuncion,VE,2020-05-26 13:37:58,11.03,-63.86,84.2,74,61,19.46
200,Zanjan,IR,2020-05-26 13:37:58,36.67,48.48,87.8,19,75,4.7
201,Bumba,CD,2020-05-26 13:37:59,2.18,22.47,89.33,53,100,4.29
202,Taltal,CL,2020-05-26 13:37:59,-25.4,-70.48,63.55,63,37,4.65
203,Lorengau,PG,2020-05-26 13:37:59,-2.02,147.27,83.32,71,99,6.46
204,Kavaratti,IN,2020-05-26 13:37:59,10.57,72.64,85.37,76,13,10.74
205,Santa Cruz,BO,2020-05-26 13:37:59,-17.8,-63.17,71.6,40,0,13.87
206,Dickinson,US,2020-05-26 13:37:59,29.46,-95.05,71.6,88,75,12.75
207,Saint-Philippe,RE,2020-05-26 13:37:59,-21.36,55.77,78.8,61,28,5.82
208,Yinchuan,CN,2020-05-26 13:37:59,38.47,106.27,69.12,21,61,5.84
209,Liwale,TZ,2020-05-26 13:38:00,-9.77,37.93,81.77,55,68,3.09
210,Nantucket,US,2020-05-26 13:33:51,41.28,-70.1,62.6,88,90,4.76
211,Paraiso,CR,2020-05-26 13:38:00,9.84,-83.87,77.0,88,75,2.24
212,Ulladulla,AU,2020-05-26 13:38:00,-35.35,150.47,55.4,93,75,8.05
213,Novobirilyussy,RU,2020-05-26 13:38:00,56.95,90.67,48.7,93,100,13.4
214,Broken Hill,AU,2020-05-26 13:38:00,-31.95,141.43,51.8,62,47,6.93
215,Genhe,CN,2020-05-26 13:38:00,50.78,121.52,46.31,72,7,1.21
216,Matinhos,BR,2020-05-26 13:38:00,-25.82,-48.54,66.99,48,0,6.93
217,Statesboro,US,2020-05-26 13:38:00,32.45,-81.78,73.4,94,90,5.82
218,Shingu,JP,2020-05-26 13:38:01,33.73,135.98,65.01,92,100,1.66
219,Quelimane,MZ,2020-05-26 13:38:01,-17.88,36.89,91.4,66,20,4.7
220,Kindu,CD,2020-05-26 13:38:01,-2.95,25.95,86.31,56,82,1.9
221,Necochea,AR,2020-05-26 13:38:01,-38.55,-58.74,52.0,83,62,3.0
222,Fairbanks,US,2020-05-26 13:34:17,64.84,-147.72,48.2,100,90,2.01
223,Sibolga,ID,2020-05-26 13:34:11,1.74,98.78,79.3,80,100,2.91
224,Saldanha,ZA,2020-05-26 13:38:01,-33.01,17.94,59.0,61,40,11.41
225,Talara,PE,2020-05-26 13:38:02,-4.58,-81.27,69.8,77,0,19.46
226,Ixtapa,MX,2020-05-26 13:36:24,20.7,-105.2,75.99,69,75,4.7
227,Okhotsk,RU,2020-05-26 13:38:02,59.38,143.3,37.0,83,100,1.97
228,Mazagao,BR,2020-05-26 13:38:02,-0.12,-51.29,87.8,74,75,5.82
229,Riyadh,SA,2020-05-26 13:35:42,24.69,46.72,100.4,12,0,6.93
230,Mar Del Plata,AR,2020-05-26 13:33:59,-38.0,-57.56,52.0,76,90,5.82
231,Formosa,AR,2020-05-26 13:38:02,-26.18,-58.18,57.2,76,0,5.82
232,Kahramanmaras,TR,2020-05-26 13:38:02,38.0,37.0,80.6,34,20,6.93
233,Hualmay,PE,2020-05-26 13:38:02,-11.1,-77.61,66.51,82,72,3.98
234,Sola,VU,2020-05-26 13:38:03,-13.88,167.55,82.4,94,20,17.4
235,Nanortalik,GL,2020-05-26 13:38:03,60.14,-45.24,40.44,82,90,14.16
236,Eyrarbakki,IS,2020-05-26 13:38:03,63.86,-21.15,44.6,70,90,13.87
237,Gizo,SB,2020-05-26 13:38:03,-8.1,156.84,83.25,80,95,9.44
238,Imbituba,BR,2020-05-26 13:38:03,-28.24,-48.67,64.4,45,0,4.7
239,Mocuba,MZ,2020-05-26 13:38:03,-16.84,36.99,86.13,50,0,2.35
240,Thompson,CA,2020-05-26 13:38:03,55.74,-97.86,55.4,54,40,5.82
241,Husavik,IS,2020-05-26 13:38:03,66.04,-17.34,44.6,56,75,10.29
242,Deputatskiy,RU,2020-05-26 13:38:04,69.3,139.9,34.57,99,98,3.71
243,Tasiilaq,GL,2020-05-26 13:38:04,65.61,-37.64,39.2,80,75,1.12
244,Eyl,SO,2020-05-26 13:38:04,7.98,49.82,91.63,50,49,22.73
245,Kavieng,PG,2020-05-26 13:38:04,-2.57,150.8,82.99,72,1,5.48
246,Fortuna,US,2020-05-26 13:38:04,40.6,-124.16,55.0,100,90,5.82
247,Nelson Bay,AU,2020-05-26 13:38:04,-32.72,152.15,60.01,82,75,6.93
248,Najran,SA,2020-05-26 13:38:04,17.49,44.13,96.8,15,0,5.82
249,Moree,AU,2020-05-26 13:38:04,-29.47,149.85,55.4,76,57,2.71
250,Marawi,PH,2020-05-26 13:38:05,8.0,124.29,79.0,82,97,7.0
251,Altagracia De Orituco,VE,2020-05-26 13:38:05,9.86,-66.38,84.76,59,83,6.31
252,Paamiut,GL,2020-05-26 13:38:05,61.99,-49.67,37.99,88,100,17.09
253,Wladyslawowo,PL,2020-05-26 13:38:05,54.79,18.4,61.0,72,20,3.36
254,Westport,US,2020-05-26 13:38:05,41.14,-73.36,62.01,87,90,3.36
255,Pyapon,MM,2020-05-26 13:38:05,16.28,95.68,86.09,70,1,11.92
256,Kisaran,ID,2020-05-26 13:38:05,2.98,99.62,78.91,84,98,0.29
257,Marathon,US,2020-05-26 13:38:05,44.9,-89.77,73.0,83,1,5.82
258,Kimbe,PG,2020-05-26 13:38:05,-5.55,150.14,77.13,87,5,4.32
259,Shambu,ET,2020-05-26 13:38:05,9.57,37.1,64.67,79,38,1.34
260,Buala,SB,2020-05-26 13:38:06,-8.14,159.59,80.98,80,18,8.9
261,Bagdarin,RU,2020-05-26 13:38:06,54.43,113.6,56.32,47,62,6.71
262,Manjacaze,MZ,2020-05-26 13:38:06,-24.71,33.88,86.52,28,0,5.32
263,Bocaiuva,BR,2020-05-26 13:38:06,-17.11,-43.81,75.2,64,99,3.36
264,Anloga,GH,2020-05-26 13:38:06,5.79,0.9,89.6,66,20,6.93
265,Tongliao,CN,2020-05-26 13:38:06,43.61,122.27,62.29,40,64,4.79
266,Monte Blanco,MX,2020-05-26 13:38:06,18.97,-97.02,76.14,44,0,0.98
267,Mbamba,NG,2020-05-26 13:38:06,9.98,13.1,89.92,51,88,2.82
268,Warmbad,NA,2020-05-26 13:38:07,-28.45,18.73,55.13,41,0,8.88
269,Salinas,US,2020-05-26 13:33:22,36.68,-121.66,57.2,87,1,0.43
270,Kandalaksha,RU,2020-05-26 13:38:07,67.16,32.41,51.51,63,70,3.51
271,Narsaq,GL,2020-05-26 13:38:07,60.92,-46.05,39.2,69,75,2.24
272,Miri,MY,2020-05-26 13:38:07,4.41,114.01,84.0,88,75,4.7
273,Bambanglipuro,ID,2020-05-26 13:38:07,-7.95,110.28,80.01,87,100,3.98
274,Sorong,ID,2020-05-26 13:38:07,-0.88,131.25,81.39,84,88,8.41
275,Bundibugyo,UG,2020-05-26 13:38:07,0.74,30.04,88.02,44,35,2.59
276,Itarema,BR,2020-05-26 13:38:07,-2.92,-39.92,83.98,72,8,7.0
277,Sambava,MG,2020-05-26 13:38:08,-14.27,50.17,77.31,68,3,12.82
278,Moron,AR,2020-05-26 13:38:08,-34.65,-58.62,57.99,93,75,4.7
279,Weligama,LK,2020-05-26 13:38:08,5.97,80.42,81.57,84,91,9.19
280,Atar,MR,2020-05-26 13:38:08,20.52,-13.05,105.6,8,0,14.16
281,Oranjemund,NA,2020-05-26 13:38:08,-28.55,16.43,59.63,57,0,12.59
282,Ahipara,NZ,2020-05-26 13:38:08,-35.17,173.17,60.33,92,100,3.29
283,Penzance,GB,2020-05-26 13:38:08,50.12,-5.54,66.99,55,87,12.75
284,Mackay,AU,2020-05-26 13:38:08,-21.15,149.2,53.6,87,0,3.36
285,Fuengirola,ES,2020-05-26 13:38:08,36.54,-4.62,77.0,50,0,9.17
286,Sawtell,AU,2020-05-26 13:38:09,-30.38,153.1,66.2,68,90,18.34
287,Amahai,ID,2020-05-26 13:38:09,-3.33,128.92,82.99,88,53,7.52
288,Takoradi,GH,2020-05-26 13:38:09,4.88,-1.76,83.01,77,68,5.95
289,Chuy,UY,2020-05-26 13:38:09,-33.7,-53.46,56.48,65,24,13.24
290,Hobyo,SO,2020-05-26 13:38:09,5.35,48.53,85.19,71,2,24.4
291,Nikolskoye,RU,2020-05-26 13:38:09,59.7,30.79,68.0,28,20,6.71
292,Te Anau,NZ,2020-05-26 13:38:09,-45.42,167.72,40.48,88,12,1.01
293,Port Said,EG,2020-05-26 13:38:09,31.26,32.28,75.2,64,0,9.17
294,Nowy Tomysl,PL,2020-05-26 13:38:10,52.32,16.13,64.99,48,40,8.05
295,Nova Olinda Do Norte,BR,2020-05-26 13:38:10,-3.89,-59.09,81.81,88,24,2.98
296,Okato,NZ,2020-05-26 13:38:10,-39.2,173.88,48.99,81,100,11.01
297,Bandiagara,ML,2020-05-26 13:38:10,14.35,-3.61,102.2,27,9,16.11
298,Avera,US,2020-05-26 13:38:10,33.19,-82.53,68.0,95,90,5.82
299,Dingle,PH,2020-05-26 13:38:10,11.0,122.67,80.92,78,0,3.15
300,Batagay,RU,2020-05-26 13:38:10,67.63,134.63,57.83,69,100,5.44
301,Barra,BR,2020-05-26 13:38:10,-11.09,-43.14,85.86,52,94,4.27
302,Asyut,EG,2020-05-26 13:38:11,27.18,31.18,89.6,25,23,13.87
303,Huancabamba,PE,2020-05-26 13:38:11,-5.24,-79.45,64.08,67,78,8.34
304,Caravelas,BR,2020-05-26 13:38:11,-17.71,-39.25,86.56,58,89,8.39
305,Touros,BR,2020-05-26 13:38:11,-5.2,-35.46,84.2,79,75,4.7
306,Nuevitas,CU,2020-05-26 13:38:11,21.55,-77.26,78.8,83,40,1.12
307,Iquique,CL,2020-05-26 13:38:11,-20.22,-70.14,64.4,68,90,6.93
308,Catuday,PH,2020-05-26 13:38:11,16.29,119.81,84.42,77,89,3.96
309,Mokhsogollokh,RU,2020-05-26 13:38:11,61.47,128.92,60.31,61,40,2.48
310,Progreso,MX,2020-05-26 13:38:12,21.28,-89.67,84.99,83,5,8.05
311,Vincennes,FR,2020-05-26 13:38:12,48.85,2.43,78.01,36,26,12.75
312,Wodonga,AU,2020-05-26 13:38:12,-36.12,146.88,53.01,93,90,1.12
313,Nova Prata,BR,2020-05-26 13:38:12,-28.78,-51.61,53.01,57,92,5.1
314,San Quintin,MX,2020-05-26 13:38:12,30.48,-115.95,65.61,76,0,6.69
315,Gomel,BY,2020-05-26 13:38:12,52.43,30.98,57.2,82,75,11.18
316,Leningradskiy,RU,2020-05-26 13:38:12,69.38,178.42,25.32,98,66,3.74
317,Carnarvon,AU,2020-05-26 13:38:12,-24.87,113.63,67.41,47,0,15.23
318,Port Lincoln,AU,2020-05-26 13:38:12,-34.73,135.87,55.67,84,1,18.3
319,Muros,ES,2020-05-26 13:38:13,42.78,-9.06,84.0,41,0,10.0
320,Ust-Kulom,RU,2020-05-26 13:38:13,61.69,53.69,60.6,51,68,3.11
321,Chapleau,CA,2020-05-26 13:38:13,47.84,-83.4,68.0,94,75,4.7
322,Kattivakkam,IN,2020-05-26 13:38:13,13.22,80.32,91.4,70,20,9.17
323,Mantua,IT,2020-05-26 13:38:13,45.17,10.78,77.0,41,40,6.93
324,Tuxpan,MX,2020-05-26 13:38:13,19.55,-103.4,62.6,63,5,1.95
325,Challans,FR,2020-05-26 13:38:13,46.84,-1.87,78.8,38,0,11.41
326,Magadan,RU,2020-05-26 13:38:13,59.57,150.8,37.49,86,63,2.8
327,Manado,ID,2020-05-26 13:38:13,1.49,124.85,77.0,94,20,2.24
328,Wajir,KE,2020-05-26 13:38:14,1.75,40.06,93.2,44,75,5.82
329,Kodinsk,RU,2020-05-26 13:38:14,58.69,99.18,52.14,52,96,1.12
330,Iqaluit,CA,2020-05-26 13:38:14,63.75,-68.51,32.0,94,75,12.75
331,Kiunga,PG,2020-05-26 13:38:14,-6.12,141.29,74.14,98,100,3.38
332,Codrington,AU,2020-05-26 13:38:14,-38.27,141.97,48.52,74,77,11.18
333,Birao,CF,2020-05-26 13:38:14,10.28,22.79,98.15,28,100,0.96
334,Sur,OM,2020-05-26 13:38:14,22.57,59.53,95.18,41,0,12.44
335,Newport,GB,2020-05-26 13:38:14,51.59,-3.0,70.0,22,100,5.82
336,Aquiraz,BR,2020-05-26 13:38:14,-3.9,-38.39,86.0,66,40,6.93
337,Puerto Madero,MX,2020-05-26 13:38:15,14.72,-92.42,77.0,94,90,5.82
338,Ariquemes,BR,2020-05-26 13:38:15,-9.91,-63.04,79.29,68,0,4.9
339,La Libertad,EC,2020-05-26 13:38:15,-2.23,-80.9,71.6,83,20,8.05
340,Vilyuysk,RU,2020-05-26 13:38:15,63.76,121.62,60.39,52,0,4.45
341,Uarini,BR,2020-05-26 13:38:15,-2.99,-65.11,77.0,94,40,5.82
342,Luderitz,NA,2020-05-26 13:38:15,-26.65,15.16,71.6,24,0,21.92
343,Kutum,SD,2020-05-26 13:38:15,14.2,24.67,95.54,9,6,11.43
344,Jabinyanah,TN,2020-05-26 13:38:15,35.03,10.91,77.0,57,20,14.99
345,Annau,TM,2020-05-26 13:38:15,37.89,58.52,95.0,24,0,16.11
346,Shalakusha,RU,2020-05-26 13:38:16,62.22,40.25,60.12,51,85,1.97
347,Camacha,PT,2020-05-26 13:38:16,33.08,-16.33,73.4,60,20,11.41
348,Sechura,PE,2020-05-26 13:38:16,-5.56,-80.82,71.65,75,5,7.18
349,Vostok,RU,2020-05-26 13:38:16,46.49,135.88,41.7,97,98,3.69
350,Ust-Kuyga,RU,2020-05-26 13:38:16,70.02,135.6,48.34,81,100,5.1
351,Liverpool,GB,2020-05-26 13:35:21,53.41,-2.98,68.0,68,75,9.17
352,Yuksekova,TR,2020-05-26 13:38:16,37.57,44.29,71.6,30,0,3.36
353,Adrar,MR,2020-05-26 13:38:16,20.5,-10.07,101.35,10,0,5.46
354,College,US,2020-05-26 13:38:16,64.86,-147.8,48.2,87,75,2.08
355,Kendari,ID,2020-05-26 13:38:17,-3.94,122.5,77.18,88,92,1.45
356,Puerto Escondido,MX,2020-05-26 13:38:17,15.85,-97.07,75.2,73,40,8.5
357,Kyzyl,RU,2020-05-26 13:38:17,51.7,94.45,71.89,39,80,6.24
358,Yangambi,CD,2020-05-26 13:38:17,0.81,24.43,91.27,48,82,1.72
359,Nushki,PK,2020-05-26 13:38:17,29.55,66.02,93.96,10,0,15.08
360,Terrak,NO,2020-05-26 13:38:17,65.09,12.37,57.2,58,99,3.36
361,Mariana,BR,2020-05-26 13:38:17,-20.38,-43.42,69.13,38,0,6.15
362,Kinablangan,PH,2020-05-26 13:38:17,7.69,126.55,80.82,80,100,2.37
363,Goderich,CA,2020-05-26 13:37:56,43.75,-81.72,80.01,68,0,10.25
364,Fare,PF,2020-05-26 13:38:18,-16.7,-151.02,82.24,74,78,5.1
365,Almeirim,BR,2020-05-26 13:38:18,-1.52,-52.58,85.78,63,1,4.81
366,Sterlibashevo,RU,2020-05-26 13:38:18,53.44,55.26,66.56,68,23,14.36
367,Taoudenni,ML,2020-05-26 13:38:18,22.68,-3.98,105.3,9,0,6.08
368,Aasiaat,GL,2020-05-26 13:38:18,68.71,-52.87,29.97,93,100,6.64
369,Wewak,PG,2020-05-26 13:38:18,-3.55,143.63,81.27,81,8,5.1
370,Murakami,JP,2020-05-26 13:38:18,38.23,139.48,66.2,93,75,3.36
371,Hibbing,US,2020-05-26 13:38:18,47.43,-92.94,62.6,87,90,8.05
372,Manokwari,ID,2020-05-26 13:38:18,-0.87,134.08,81.68,79,76,3.51
373,Walvis Bay,NA,2020-05-26 13:38:19,-22.96,14.51,69.8,46,0,10.29
374,Derzhavinsk,KZ,2020-05-26 13:38:19,51.1,66.32,74.44,38,0,17.07
375,Maturin,VE,2020-05-26 13:38:19,9.75,-63.18,82.09,72,100,5.77
376,Cururupu,BR,2020-05-26 13:38:19,-1.83,-44.87,81.64,88,74,4.23
377,Verkhnyaya Inta,RU,2020-05-26 13:38:19,65.98,60.31,53.83,42,0,8.5
378,Egvekinot,RU,2020-05-26 13:38:19,66.32,-179.17,29.32,100,98,2.89
379,Aranos,NA,2020-05-26 13:38:19,-24.13,19.12,53.4,50,65,8.19
380,Paita,PE,2020-05-26 13:38:19,-5.09,-81.11,69.8,77,4,19.46
381,Bardiyah,LY,2020-05-26 13:38:19,31.76,25.09,74.64,53,0,17.31
382,Tres Arroyos,AR,2020-05-26 13:38:20,-38.37,-60.28,53.02,65,0,5.99
383,Matamoros,MX,2020-05-26 13:38:20,25.53,-103.25,75.2,57,20,14.14
384,Skibbereen,IE,2020-05-26 13:38:20,51.55,-9.27,64.4,77,75,5.82
385,Mildura,AU,2020-05-26 13:38:20,-34.2,142.15,51.8,66,61,3.36
386,Kurmanayevka,RU,2020-05-26 13:38:20,52.51,52.07,72.77,63,0,17.16
387,Zhangye,CN,2020-05-26 13:38:20,38.93,100.45,60.8,32,25,2.17
388,Mount Gambier,AU,2020-05-26 13:38:20,-37.83,140.77,53.6,66,100,12.75
389,Sauda,NO,2020-05-26 13:38:20,59.65,6.35,53.01,94,100,3.0
390,Purmerend,NL,2020-05-26 13:38:21,52.51,4.96,73.0,53,57,8.01
391,Olafsvik,IS,2020-05-26 13:38:21,64.89,-23.71,40.17,73,96,12.26
392,Celestun,MX,2020-05-26 13:38:21,20.87,-90.4,83.44,78,0,10.38
393,Salinopolis,BR,2020-05-26 13:38:21,-0.61,-47.36,82.4,80,31,7.16
394,Denpasar,ID,2020-05-26 13:35:50,-8.65,115.22,82.4,94,75,3.36
395,Bambous Virieux,MU,2020-05-26 13:38:21,-20.34,57.76,77.0,73,40,13.87
396,Thinadhoo,MV,2020-05-26 13:38:21,0.53,72.93,84.63,70,89,5.23
397,Sao Miguel Do Araguaia,BR,2020-05-26 13:35:09,-13.28,-50.16,79.48,65,55,5.93
398,Ostrovnoy,RU,2020-05-26 13:38:21,68.05,39.51,50.76,60,0,7.92
399,Clyde River,CA,2020-05-26 13:38:21,70.47,-68.59,24.8,85,90,2.24
400,Danielskuil,ZA,2020-05-26 13:38:22,-28.19,23.54,47.84,47,0,12.88
401,Cabra,ES,2020-05-26 13:38:22,37.47,-4.44,89.01,30,0,5.97
402,Nalus,PH,2020-05-26 13:38:22,6.01,124.59,80.22,80,77,3.4
403,Poshekhonye,RU,2020-05-26 13:38:22,58.5,39.14,61.39,50,100,3.78
404,Klamath Falls,US,2020-05-26 13:38:23,42.22,-121.78,51.01,87,1,4.9
405,Pustoshka,RU,2020-05-26 13:38:23,56.34,29.37,65.53,47,85,5.1
406,Llano De Piedra,PA,2020-05-26 13:38:23,7.67,-80.57,81.99,76,100,2.08
407,Kushtagi,IN,2020-05-26 13:38:23,15.77,76.2,93.6,32,6,8.81
408,Adre,TD,2020-05-26 13:38:23,13.47,22.2,103.75,8,98,11.68
409,Quixeramobim,BR,2020-05-26 13:38:23,-5.2,-39.29,85.62,61,0,4.83
410,Korla,CN,2020-05-26 13:38:23,41.76,86.15,78.01,80,0,3.0
411,Hami,CN,2020-05-26 13:38:23,42.8,93.45,75.7,26,49,11.77
412,Praia,CV,2020-05-26 13:38:23,14.92,-23.51,84.2,54,20,12.75
413,Kushima,JP,2020-05-26 13:38:23,31.46,131.23,69.8,88,75,6.93
414,Churapcha,RU,2020-05-26 13:38:24,62.0,132.43,59.74,55,3,7.2
415,Maldonado,UY,2020-05-26 13:38:24,-34.67,-54.92,55.99,71,75,17.22
416,Fairview,US,2020-05-26 13:38:24,40.81,-74.0,66.0,77,90,4.92
417,Luanda,AO,2020-05-26 13:38:24,-8.84,13.23,82.4,69,20,6.93
418,Onega,RU,2020-05-26 13:38:24,63.91,38.14,54.54,64,99,3.87
419,Barberton,ZA,2020-05-26 13:35:07,-25.79,31.05,84.2,21,96,8.05
420,Nabire,ID,2020-05-26 13:38:24,-3.37,135.48,77.97,89,100,3.74
421,Faanui,PF,2020-05-26 13:38:24,-16.48,-151.75,81.46,73,99,3.33
422,Kazachinskoye,RU,2020-05-26 13:38:25,57.7,93.28,48.92,90,100,7.29
423,Huaraz,PE,2020-05-26 13:38:25,-9.53,-77.53,57.79,46,0,8.37
424,Naze,JP,2020-05-26 13:38:25,28.37,129.48,75.2,88,100,4.7
425,Gazimurskiy Zavod,RU,2020-05-26 13:38:25,51.55,118.33,51.82,51,0,4.59
426,Saint-Augustin,CA,2020-05-26 13:38:25,51.23,-58.65,49.51,84,97,14.61
427,Zholymbet,KZ,2020-05-26 13:38:25,51.74,71.71,71.8,38,0,16.73
428,Weyburn,CA,2020-05-26 13:38:25,49.67,-103.85,57.0,74,100,5.01
429,Aksu,CN,2020-05-26 13:38:25,41.12,80.26,81.27,16,0,6.96
430,Ribas Do Rio Pardo,BR,2020-05-26 13:38:26,-20.44,-53.76,66.69,46,0,5.44
431,Safaga,EG,2020-05-26 13:36:16,26.73,33.94,93.2,18,0,13.87
432,Robore,BO,2020-05-26 13:38:26,-18.33,-59.75,74.52,39,0,4.21
433,Maarianhamina,AX,2020-05-26 13:38:26,60.1,19.93,66.2,39,26,9.17
434,El Bagre,CO,2020-05-26 13:38:26,7.59,-74.81,84.0,79,89,1.61
435,Birjand,IR,2020-05-26 13:38:26,32.87,59.22,89.6,8,20,11.41
436,Batagay-Alyta,RU,2020-05-26 13:38:26,67.8,130.41,52.38,76,50,3.27
437,Havre-Saint-Pierre,CA,2020-05-26 13:38:26,50.23,-63.6,57.2,62,20,10.29
438,Kapit,MY,2020-05-26 13:38:26,2.02,112.93,76.75,93,5,1.28
439,San Jose De Guanipa,VE,2020-05-26 13:38:27,8.89,-64.17,81.23,68,100,10.87
440,Aktash,RU,2020-05-26 13:38:27,50.3,87.73,52.45,70,100,4.81
441,Roald,NO,2020-05-26 13:38:27,62.58,6.13,54.0,93,75,16.11
442,Channarayapatna,IN,2020-05-26 13:38:27,12.9,76.39,81.59,61,74,9.82
443,Tahe,CN,2020-05-26 13:38:27,52.33,124.73,50.49,48,1,2.13
444,Sakaraha,MG,2020-05-26 13:38:27,-22.9,44.53,74.64,51,19,6.24
445,Guerrero Negro,MX,2020-05-26 13:38:27,27.98,-114.06,62.96,89,91,3.76
446,Kupang,ID,2020-05-26 13:38:27,-10.17,123.58,80.6,83,40,5.82
447,Goldsboro,US,2020-05-26 13:38:27,35.38,-77.99,64.4,88,90,9.17
448,Itaituba,BR,2020-05-26 13:38:28,-4.28,-55.98,77.0,100,75,5.82
449,Camopi,GF,2020-05-26 13:38:28,3.17,-52.32,82.56,81,46,3.58
450,Montrose,US,2020-05-26 13:38:28,38.42,-108.27,48.99,42,1,9.17
451,North Bend,US,2020-05-26 13:38:28,43.41,-124.22,55.0,100,90,3.36
452,Nome,US,2020-05-26 13:38:28,64.5,-165.41,44.6,65,90,8.05
453,Marsa Matruh,EG,2020-05-26 13:33:33,31.35,27.25,73.4,64,40,11.41
454,Salalah,OM,2020-05-26 13:38:28,17.02,54.09,87.8,70,40,11.41
455,Zhicheng,CN,2020-05-26 13:38:28,30.3,111.5,77.0,66,100,3.85
456,Bowen,AU,2020-05-26 13:38:29,-20.02,148.23,57.0,87,4,3.36
457,Barguzin,RU,2020-05-26 13:38:29,53.62,109.62,57.2,60,100,5.46
458,Boa Vista,BR,2020-05-26 13:38:29,2.82,-60.67,82.4,74,40,3.36
459,Ruy Barbosa,BR,2020-05-26 13:38:29,-12.28,-40.49,82.9,67,90,2.77
460,Alofi,NU,2020-05-26 13:38:29,-19.06,-169.92,66.2,93,91,1.12
461,Tateyama,JP,2020-05-26 13:38:29,34.98,139.87,70.0,92,100,1.01
462,Ketchikan,US,2020-05-26 13:38:29,55.34,-131.65,48.2,93,75,1.83
463,Boone,US,2020-05-26 13:38:29,39.03,-92.33,73.4,78,1,10.29
464,Samarai,PG,2020-05-26 13:38:29,-10.62,150.67,79.84,88,10,6.87
465,Port Keats,AU,2020-05-26 13:38:30,-14.25,129.55,71.22,76,54,3.29
466,Libreville,GA,2020-05-26 13:38:30,0.39,9.45,84.2,83,40,6.93
467,Svetlyy,RU,2020-05-26 13:38:30,54.67,20.13,53.6,87,40,13.42
468,Pontivy,FR,2020-05-26 13:38:30,48.0,-3.0,77.0,47,0,12.75
469,Konevo,RU,2020-05-26 13:38:30,62.12,39.32,58.91,54,74,1.57
470,Loudi,CN,2020-05-26 13:38:30,27.73,111.99,69.71,85,98,1.54
471,Were Ilu,ET,2020-05-26 13:38:30,10.6,39.43,65.25,46,82,8.84
472,Cam Ranh,VN,2020-05-26 13:38:30,11.92,109.16,87.8,70,40,1.12
473,Port Shepstone,ZA,2020-05-26 13:38:30,-30.74,30.45,66.6,40,99,26.26
474,Tabas,IR,2020-05-26 13:38:30,33.6,56.92,105.8,9,0,11.41
475,Pangnirtung,CA,2020-05-26 13:38:31,66.15,-65.71,32.0,88,40,8.05
476,Uusikaupunki,FI,2020-05-26 13:38:31,60.8,21.41,71.6,26,0,8.05
477,Kirakira,SB,2020-05-26 13:38:31,-10.45,161.92,80.47,83,36,8.3
478,Laguna,US,2020-05-26 13:38:31,38.42,-121.42,66.99,72,1,1.14
479,Tigil,RU,2020-05-26 13:38:31,57.8,158.67,38.79,96,100,6.64
480,Poum,NC,2020-05-26 13:38:31,-20.23,164.02,75.2,66,100,18.57
481,Ascension,US,2020-05-26 13:38:31,30.22,-90.9,77.0,88,75,1.97
482,Noshiro,JP,2020-05-26 13:38:31,40.2,140.02,60.8,82,75,2.24
483,Kashi,CN,2020-05-26 13:38:32,39.45,75.98,84.2,19,0,6.71
484,Road Town,VG,2020-05-26 13:38:32,18.42,-64.62,84.99,70,40,9.17
485,Bonito,BR,2020-05-26 13:38:32,-21.12,-56.48,68.72,46,0,3.62
486,Shimoda,JP,2020-05-26 13:38:32,34.67,138.95,66.0,78,100,1.99
487,Vanderhoof,CA,2020-05-26 13:38:32,54.02,-124.02,44.26,60,0,11.01
488,Anzio,IT,2020-05-26 13:38:32,41.49,12.62,75.99,47,0,10.0
489,Simpang,ID,2020-05-26 13:38:32,-1.27,104.08,76.57,95,100,3.15
490,Ugoofaaru,MV,2020-05-26 13:38:32,5.67,73.0,84.7,80,41,12.44
491,Puerto Carreno,CO,2020-05-26 13:38:32,6.19,-67.49,80.6,78,75,4.7
492,Batemans Bay,AU,2020-05-26 13:33:37,-35.72,150.18,50.0,100,67,4.34
493,Aitape,PG,2020-05-26 13:38:33,-3.14,142.35,80.2,82,13,3.94
494,Harwich,GB,2020-05-26 13:38:33,51.94,1.28,75.0,57,96,8.01
495,Palencia,ES,2020-05-26 13:38:33,42.42,-4.5,75.0,52,0,8.01
496,Madison,US,2020-05-26 13:36:55,34.73,-86.57,75.99,78,75,9.17
497,Luau,AO,2020-05-26 13:38:33,-10.71,22.22,87.26,30,10,0.47
498,Kubuta,SZ,2020-05-26 13:38:33,-26.88,31.48,84.2,17,20,3.36
499,Marzuq,YE,2020-05-26 13:38:33,14.4,46.47,88.79,32,45,6.89
500,Jalu,LY,2020-05-26 13:38:33,29.03,21.55,92.97,11,0,12.91
501,Ponta Delgada,PT,2020-05-26 13:38:34,37.73,-25.67,68.0,77,40,14.99
502,Marsh Harbour,BS,2020-05-26 13:35:15,26.54,-77.06,77.07,88,100,21.59
503,Kununurra,AU,2020-05-26 13:38:34,-15.77,128.73,71.6,56,35,4.7
504,Panguna,PG,2020-05-26 13:38:34,-6.32,155.48,69.75,99,98,1.92
505,Stellenbosch,ZA,2020-05-26 13:34:45,-33.93,18.87,59.0,76,40,4.7
506,Banda Aceh,ID,2020-05-26 13:34:18,5.56,95.32,83.16,74,100,7.47
507,Brus Laguna,HN,2020-05-26 13:38:34,15.75,-84.48,86.22,70,57,7.02
508,Paka,MY,2020-05-26 13:38:34,4.64,103.44,80.6,94,75,1.12
509,Abu Kamal,SY,2020-05-26 13:38:35,34.45,40.92,89.2,14,0,4.94
510,Sao Joao Da Barra,BR,2020-05-26 13:38:35,-21.64,-41.05,75.2,100,0,16.11
511,Tvoroyri,FO,2020-05-26 13:38:35,61.56,-6.81,48.2,81,21,8.05
512,Svetlaya,RU,2020-05-26 13:38:35,46.54,138.33,45.84,93,98,0.78
513,Bacolod,PH,2020-05-26 13:38:35,10.67,122.95,82.42,72,0,2.39
514,Kabanjahe,ID,2020-05-26 13:38:35,3.1,98.49,82.4,88,40,2.24
515,Iquitos,PE,2020-05-26 13:38:35,-3.75,-73.25,75.2,78,75,1.12
516,Shepsi,RU,2020-05-26 13:38:35,44.04,39.15,62.11,64,0,4.61
517,Sao Jose Da Coroa Grande,BR,2020-05-26 13:38:35,-8.9,-35.15,82.72,76,0,6.42
518,Namsos,NO,2020-05-26 13:38:35,64.47,11.5,55.0,63,100,17.0
519,Ucluelet,CA,2020-05-26 13:38:36,48.93,-125.55,48.99,93,75,2.3
520,Pontian Kecil,MY,2020-05-26 13:38:36,1.48,103.39,84.0,88,20,3.38
521,Saravena,CO,2020-05-26 13:38:36,6.95,-71.88,80.69,76,72,2.75
522,Rudbar,AF,2020-05-26 13:38:36,30.15,62.6,99.91,8,0,17.16
523,Masuguru,TZ,2020-05-26 13:38:36,-11.37,38.42,86.04,48,93,2.57
524,Coromandel,BR,2020-05-26 13:38:36,-18.47,-47.2,63.25,56,0,6.93
525,Anadyr,RU,2020-05-26 13:38:36,64.75,177.48,33.8,98,75,11.18
526,Ruidoso,US,2020-05-26 13:35:16,33.33,-105.67,54.0,65,1,4.36
527,Cidreira,BR,2020-05-26 13:38:36,-30.18,-50.21,56.91,72,73,18.84
528,Pokhara,NP,2020-05-26 13:36:12,28.23,83.98,75.38,45,83,3.98
529,Parfino,RU,2020-05-26 13:38:37,57.97,31.65,66.9,37,15,6.17
530,Buraydah,SA,2020-05-26 13:38:03,26.33,43.98,95.0,21,42,2.24
531,Chulman,RU,2020-05-26 13:38:37,56.85,124.91,52.7,44,0,3.06
532,Nanakuli,US,2020-05-26 13:38:37,21.39,-158.15,73.0,83,1,3.36
533,Salzwedel,DE,2020-05-26 13:37:22,52.85,11.15,70.0,54,77,1.01
534,Tibati,CM,2020-05-26 13:38:37,6.47,12.63,80.6,70,55,4.23
535,Richards Bay,ZA,2020-05-26 13:38:37,-28.78,32.04,67.15,52,79,15.73
536,Ajaccio,FR,2020-05-26 13:38:38,42.0,8.92,77.0,57,54,8.05
537,Wahiawa,US,2020-05-26 13:34:05,21.5,-158.02,73.0,100,1,2.28
538,Pringsewu,ID,2020-05-26 13:38:38,-5.36,104.97,76.75,91,100,4.16
539,Qaqortoq,GL,2020-05-26 13:38:38,60.72,-46.03,39.2,69,75,2.24
540,Mattru,SL,2020-05-26 13:38:38,7.62,-11.83,81.75,86,100,3.29
541,Baykit,RU,2020-05-26 13:38:38,61.67,96.37,46.54,56,18,5.14
542,San Andres,CO,2020-05-26 13:38:39,12.58,-81.7,86.0,79,75,9.17
543,Faya,SA,2020-05-26 13:38:39,18.39,42.45,78.8,20,75,4.7
544,Talnakh,RU,2020-05-26 13:38:39,69.49,88.4,35.6,80,75,31.32
545,Makakilo City,US,2020-05-26 13:38:39,21.35,-158.09,73.4,83,1,3.36
546,Jeremie,HT,2020-05-26 13:38:39,18.65,-74.12,84.49,67,0,1.63
547,Dulce Nombre De Culmi,HN,2020-05-26 13:38:39,15.1,-85.53,77.72,78,100,0.96
548,Kennett,US,2020-05-26 13:38:39,36.24,-90.06,77.0,83,75,13.87
549,Marfino,RU,2020-05-26 13:38:39,55.7,37.38,66.2,39,100,4.47
550,Changde,CN,2020-05-26 13:38:39,29.05,111.68,73.62,70,100,3.47
551,Maraba,BR,2020-05-26 13:38:40,-5.37,-49.12,75.2,100,90,2.24
552,Kathu,TH,2020-05-26 13:38:40,7.92,98.33,82.4,83,75,3.36
553,Newcastle,AU,2020-05-26 13:38:27,-32.93,151.78,62.01,82,75,6.93
554,Chicama,PE,2020-05-26 13:38:40,-7.84,-79.15,72.09,71,5,5.48
555,Megion,RU,2020-05-26 13:38:40,61.03,76.11,50.0,57,75,11.18
556,Aban,RU,2020-05-26 13:38:40,56.67,96.06,52.86,96,100,5.66
557,Nalut,LY,2020-05-26 13:38:40,30.33,10.85,96.69,13,0,8.68
558,Albert Lea,US,2020-05-26 13:38:40,43.65,-93.37,69.8,93,90,6.93
559,Riverton,US,2020-05-26 13:38:41,40.52,-111.94,57.99,50,40,5.82
560,San Borja,BO,2020-05-26 13:38:41,-14.82,-66.85,75.72,61,0,3.78
561,Ilulissat,GL,2020-05-26 13:33:52,69.22,-51.1,30.2,80,75,9.17
562,Acapulco,MX,2020-05-26 13:36:03,16.86,-99.89,75.2,88,75,4.7
563,Pandamatenga,BW,2020-05-26 13:38:41,-18.53,25.63,83.44,18,0,8.37
564,Gladstone,AU,2020-05-26 13:38:41,-23.85,151.25,57.2,71,0,4.7
565,Pindwara,IN,2020-05-26 13:38:41,24.8,73.07,96.15,26,0,11.61
566,Gympie,AU,2020-05-26 13:38:42,-26.19,152.66,48.99,86,86,1.01
567,Manta,EC,2020-05-26 13:38:42,-0.95,-80.73,75.2,83,75,6.93
568,Dongsheng,CN,2020-05-26 13:38:42,39.82,109.98,59.09,31,1,13.47
569,Nhulunbuy,AU,2020-05-26 13:38:42,-12.23,136.77,69.8,83,100,4.7
570,Santiago,CL,2020-05-26 13:35:12,-33.46,-70.65,68.0,54,0,4.7
571,Lamu,KE,2020-05-26 13:38:42,-2.27,40.9,81.19,80,0,12.28
572,Xiaoshi,CN,2020-05-26 13:38:42,41.3,124.12,59.0,58,47,2.24
573,Roebourne,AU,2020-05-26 13:38:42,-20.78,117.13,71.11,46,3,12.77
574,Kutahya,TR,2020-05-26 13:38:43,39.42,29.98,53.6,87,75,2.24
575,Irawan,PH,2020-05-26 13:38:43,9.8,118.69,87.8,74,20,4.7
576,Maxixe,MZ,2020-05-26 13:38:43,-23.86,35.35,87.8,45,0,16.11
577,High Level,CA,2020-05-26 13:38:43,58.52,-117.14,42.8,100,90,3.36
578,Merauke,ID,2020-05-26 13:38:43,-8.47,140.33,77.54,86,99,11.92
579,Komsomolskiy,UZ,2020-05-26 13:38:43,40.43,71.72,95.0,14,0,9.17
580,Mingaora,PK,2020-05-26 13:35:58,34.78,72.36,82.38,32,2,6.38
581,Jumla,NP,2020-05-26 13:38:43,29.27,82.18,56.07,58,93,4.76
582,Fort Saint James,CA,2020-05-26 13:38:43,54.43,-124.25,44.02,60,0,6.89
583,Nizhnyaya Tura,RU,2020-05-26 13:38:44,58.63,59.81,61.79,59,43,4.07
584,Gobabis,NA,2020-05-26 13:38:44,-22.45,18.97,69.8,19,0,5.82
585,Pemba,MZ,2020-05-26 13:38:44,-12.97,40.52,80.28,67,0,7.54
586,Inhambane,MZ,2020-05-26 13:38:44,-23.86,35.38,87.8,45,0,16.11
587,Kaohsiung,TW,2020-05-26 13:36:05,22.62,120.31,84.2,83,75,2.24
588,Kahului,US,2020-05-26 13:38:44,20.89,-156.47,71.6,73,1,8.05
589,Plaster Rock,CA,2020-05-26 13:38:44,46.91,-67.39,71.01,64,1,5.82
